<?xml version="1.0" encoding="utf-8"?>
<config addfieldpath="/plugins/system/nnframework/fields">
	<fieldset name="view_state">
		<field name="view_state" type="radio" default="-1"
			label="NN_VIEW" description="">
			<option value="0">NN_SIMPLE</option>
			<option value="1">NN_NORMAL</option>
			<option value="2">NN_ADVANCED</option>
		</field>
	</fieldset>

	<fieldset name="main_texts">
		<field name="@view_state" type="nn_plaintext" label="VIEW_STATE_PLACEHOLDER" />
		<field name="@toggler_view_state_a" type="nn_toggler" param="view_state" value="2" />
		<field name="@notice_view_state" type="nn_plaintext" label="NN_ADVANCED" description="" default="NN_ONLY_AVAILABLE_IN_PRO" />
		<field name="@toggler_view_state_b" type="nn_toggler" />
		<field name="@main_desc" type="nn_plaintext" label="RR_ITEM_INFORMATION" />
	</fieldset>

	<fieldset name="details">
		<field name="published" type="radio" class="btn-group" default="1" label="JPUBLISHED" description="NN_PUBLISHED_DESC">
			<option value="0">JNO</option>
			<option value="1">JYES</option>
		</field>
		<field name="name" type="text" size="100" default="" label="JGLOBAL_TITLE" description="RR_NAME_DESC" />
		<field name="description" type="nn_textareaplus" width="400" height="80" default="" label="JGLOBAL_DESCRIPTION" description="RR_DESCRIPTION_DESC" />
	</fieldset>

	<fieldset name="search">
		<field name="@toggler_search_regex_a" type="nn_toggler" param="regex" value="1" />
		<field name="@block_search_regex" type="nn_block" description="RR_REGULAR_EXPRESSIONS_ON_DESC" />
		<field name="@toggler_search_regex_b" type="nn_toggler" />
		<field name="@toggler_search_xml_a" type="nn_toggler" param="view_state" value="2" />
		<field name="@notice_use_xml" type="nn_plaintext" label="RR_USE_XML_FILE" description="RR_USE_XML_FILE_DESC" default="NN_ONLY_AVAILABLE_IN_PRO" />
		<field name="@toggler_search_xml_b" type="nn_toggler" />
		<field name="search" type="nn_textareaplus" texttype="regex" width="400" height="80" default="" label="RR_SEARCH" description="RR_SEARCH_DESC" />
		<field name="replace" type="nn_textareaplus" texttype="regex" width="400" height="80" default="" label="RR_REPLACE" description="RR_REPLACE_DESC" />
	</fieldset>

	<fieldset name="options">
		<field name="regex" type="radio" class="btn-group" default="0" label="RR_REGULAR_EXPRESSIONS" description="RR_REGULAR_EXPRESSIONS_DESC">
			<option value="0">JNO</option>
			<option value="1">JYES</option>
		</field>
		<field name="@toggler_options_regex_1a" type="nn_toggler" param="regex" value="0" />
		<field name="treat_as_list" type="radio" class="btn-group" default="1" label="RR_TREAT_AS_LIST" description="RR_TREAT_AS_LIST_DESC">
			<option value="0">JNO</option>
			<option value="1">JYES</option>
		</field>
		<field name="word_search" type="radio" class="btn-group" default="0" label="RR_WORD_SEARCH" description="RR_WORD_SEARCH_DESC">
			<option value="0">JNO</option>
			<option value="1">JYES</option>
		</field>
		<field name="@toggler_options_regex_1b" type="nn_toggler" />
		<field name="@toggler_options_regex_2a" type="nn_toggler" param="regex" value="1" />
		<field name="s_modifier" type="radio" class="btn-group" default="1" label="RR_USE_S_MODIFIER" description="RR_USE_S_MODIFIER_DESC">
			<option value="0">JNO</option>
			<option value="1">JYES</option>
		</field>
		<field name="@toggler_options_regex_2b" type="nn_toggler" />
		<field name="casesensitive" type="radio" class="btn-group" default="0" label="RR_CASE_SENSITIVE" description="RR_CASE_SENSITIVE_DESC">
			<option value="0">JNO</option>
			<option value="1">JYES</option>
		</field>
		<field name="thorough" type="radio" class="btn-group" default="0" label="RR_THOROUGH" description="RR_THOROUGH_DESC">
			<option value="0">JNO</option>
			<option value="1">JYES</option>
		</field>
	</fieldset>

	<fieldset name="areas">
		<field name="area" type="list" default="body" label="RR_ENABLE_IN_AREA" description="RR_ENABLE_IN_AREA_DESC">
			<option value="articles">RR_AREA_CONTENT</option>
			<option value="component">RR_AREA_COMPONENT</option>
			<option value="head">RR_AREA_HEAD</option>
			<option value="body">RR_AREA_BODY</option>
			<option value="everywhere">RR_AREA_EVERYWHERE</option>
		</field>
		<field name="@toggler_areas_articles_a" type="nn_toggler" param="area" value="articles" />
		<field name="@block_areas_articles" type="nn_block" description="RR_AREA_CONTENT_DESC" />
		<field name="enable_in_title" type="radio" class="btn-group" default="1" label="RR_ENABLE_IN_TITLE" description="RR_ENABLE_IN_TITLE_DESC">
			<option value="0">JNO</option>
			<option value="1">JYES</option>
		</field>
		<field name="@toggler_areas_articles_b" type="nn_toggler" />
		<field name="enable_in_feeds" type="radio" class="btn-group" default="1" label="RR_ENABLE_IN_FEEDS" description="RR_ENABLE_IN_FEEDS_DESC">
			<option value="0">JNO</option>
			<option value="1">JYES</option>
			<option value="2">NN_ONLY</option>
		</field>
		<field name="enable_in_admin" type="radio" class="btn-group" default="0" label="RR_ENABLE_IN_ADMIN" description="RR_ENABLE_IN_ADMIN_DESC">
			<option value="0">JNO</option>
			<option value="1">JYES</option>
			<option value="2">NN_ONLY</option>
		</field>
		<field name="@toggler_areas_enable_in_admina" type="nn_toggler" param="enable_in_admin" value="1,2" />
		<field name="@block_areas_enable_in_admin" type="nn_block" message_type="notice" description="RR_ENABLE_IN_ADMIN_ARE_YOU_SURE" />
		<field name="@toggler_areas_enable_in_adminb" type="nn_toggler" />

		<field name="@toggler_areas_between_a" type="nn_toggler" param="view_state" value="2" />
		<field name="@notice_between_start" type="nn_plaintext" label="RR_ONLY_BETWEEN_START" description="RR_ONLY_BETWEEN_DESC" default="NN_ONLY_AVAILABLE_IN_PRO" />
		<field name="@notice_between_end" type="nn_plaintext" label="RR_ONLY_BETWEEN_END" description="RR_ONLY_BETWEEN_DESC" default="NN_ONLY_AVAILABLE_IN_PRO" />

		<field name="@block_areas_tags_a" type="nn_block" start="1" label="NN_TAGS" />
		<field name="@notice_enable_tags" type="nn_plaintext" label="RR_ENABLE_IN_TAGS" description="RR_ENABLE_IN_TAGS_DESC" default="NN_ONLY_AVAILABLE_IN_PRO" />
		<field name="@notice_limit_tagselect" type="nn_plaintext" label="RR_LIMIT_TO_TAG_SELECTION" description="RR_LIMIT_TO_TAG_SELECTION_DESC" default="NN_ONLY_AVAILABLE_IN_PRO" />
		<field name="@block_areas_tags_b" type="nn_block" end="1" />
		<field name="@toggler_areas_between_b" type="nn_toggler" />
	</fieldset>

	<fieldset name="assignments">
		<field name="@notice_assignments" type="nn_plaintext" label="" default="NN_ONLY_AVAILABLE_IN_PRO" />
	</fieldset>
</config>
