<?xml version="1.0" encoding="utf-8"?>
<extension version="2.5" type="component" method="upgrade">
	<name>COM_REREPLACER</name>
	<description>COM_REREPLACER_DESC</description>
	<version>5.12.2FREE</version>
	<creationDate>November 2014</creationDate>
	<author>NoNumber (Peter van Westen)</author>
	<authorEmail>peter@nonumber.nl</authorEmail>
	<authorUrl>http://www.nonumber.nl</authorUrl>
	<copyright>Copyright © 2014 NoNumber All Rights Reserved</copyright>
	<license>http://www.gnu.org/licenses/gpl-2.0.html GNU/GPL</license>

	<administration>
		<menu img="../media/rereplacer/images/icon_rereplacer.png">COM_REREPLACER</menu>
	</administration>

	<!-- Installation -->
	<uninstallfile>uninstall.rereplacer.php</uninstallfile>
	<uninstall>
		<sql>
			<file driver="mysql" charset="utf8">uninstall.rereplacer.sql</file>
		</sql>
	</uninstall>
</extension>
