<?xml version="1.0" encoding="utf-8"?>
<addtomenu>
	<name>Add to Menu Component XML - com_users</name>
	<version>3.2.0FREE</version>
	<author>NoNumber (Peter van Westen)</author>
	<authorEmail>peter@nonumber.nl</authorEmail>
	<authorUrl>http://www.nonumber.nl</authorUrl>
	<copyright>Copyright © 2014 NoNumber All Rights Reserved</copyright>
	<license>http://www.gnu.org/licenses/gpl-2.0.html GNU/GPL</license>
	<description><![CDATA[
		This template is used when viewing a Users page
	]]></description>

	<params>
		<!-- Name
		 * This is the name of the menu item type
		-->
		<name>COM_USERS_SUBMENU_USERS</name>

		<!-- Adjust height
		 * If for some reason the height of the popup window is
		 * not big enough (or too big), you can adjust it
		 * (negative values are also permitted)
		-->
		<adjust_height>0</adjust_height>

		<!-- Requirements (get/post variables)
		 * -> Use '*' to match anything but empty
		 * -> Use '+' to match anything but false (empty/0/false)
		 * -> Use comma's to match any of multiple values
		-->
		<required>
		</required>

		<!-- Database select
		 * Define what options to use to select the unique item
		 * You have to define table, where, name and alias
		 * If no db lookup is required, only define name (and alias)
		 * -> Use '$...' to use available variables
		-->
		<dbselect>
			<name>Login</name>
		</dbselect>

		<!-- Extra options
		 * Define what extra options to display
		 * For type, choose from:
		 * text, textarea, hidden (use value)
		 * select, radio (use values)
		 * -> Use '$...' to use available variables
		-->
		<extras>
			<extra>
				<name>COM_MENUS_ITEM_FIELD_TYPE_LABEL</name>
				<type>select</type>
				<param>view</param>
				<values>
					<value>
						<name>COM_USER_LOGIN_VIEW_DEFAULT_TITLE</name>
						<value></value>
					</value>
					<value>
						<name>COM_USER_PROFILE_VIEW_DEFAULT_TITLE</name>
						<value>profile</value>
					</value>
					<value>
						<name>COM_USER_REGISTRATION_VIEW_DEFAULT_TITLE</name>
						<value>registration</value>
					</value>
					<value>
						<name>COM_USER_REMIND_VIEW_DEFAULT_TITLE</name>
						<value>remind</value>
					</value>
					<value>
						<name>COM_USER_RESET_VIEW_DEFAULT_TITLE</name>
						<value>reset</value>
					</value>
				</values>
			</extra>

			<extra>
				<type>toggler</type>
				<param>view</param>
				<value>profile</value>
			</extra>

			<extra>
				<name>COM_USER_PROFILE_VIEW_DEFAULT_TITLE</name>
				<type>radio</type>
				<param>layout</param>
				<values>
					<value>
						<name>COM_USER_PROFILE_VIEW_DEFAULT_TITLE</name>
						<value></value>
					</value>
					<value>
						<name>COM_USER_PROFILE_EDIT_DEFAULT_TITLE</name>
						<value>edit</value>
					</value>
				</values>
			</extra>

			<extra>
				<type>toggler</type>
			</extra>
		</extras>

		<!-- URL parameters
		 * Define what the menu item url should contain
		 * -> Use '$...' to use available variables
		-->
		<urlparams>
			<option>com_user</option>
			<view>$view</view>
			<layout>$layout</layout>
		</urlparams>

		<!-- Menu item parameters
		 * Define the extra menu item params
		 * -> Use '$...' to use available variables
		-->
		<menuparams>
		</menuparams>
	</params>
</addtomenu>
