<?xml version="1.0" encoding="utf-8"?>
<extension version="3.2" type="component" method="upgrade">
	<name>COM_SNIPPETS</name>
	<description>COM_SNIPPETS_DESC</description>
	<version>3.5.2FREE</version>
	<creationDate>November 2014</creationDate>
	<author>NoNumber (Peter van Westen)</author>
	<authorEmail>peter@nonumber.nl</authorEmail>
	<authorUrl>http://www.nonumber.nl</authorUrl>
	<copyright>Copyright © 2014 NoNumber All Rights Reserved</copyright>
	<license>http://www.gnu.org/licenses/gpl-2.0.html GNU/GPL</license>

	<administration>
		<menu img="../media/snippets/images/icon_snippets.png">COM_SNIPPETS</menu>
	</administration>

	<!-- Installation -->
	<uninstallfile>uninstall.snippets.php</uninstallfile>
	<uninstall>
		<sql>
			<file driver="mysql" charset="utf8">uninstall.snippets.sql</file>
		</sql>
	</uninstall>
</extension>
