{
	"IcoMoonType": "selection",
	"icons": [
		{
			"icon": {
				"paths": [
					"M64 1024h192c17.672 0 32-14.328 32-32v-960c0-17.672-14.328-32-32-32h-192c-17.672 0-32 14.328-32 32v960c0 17.672 14.328 32 32 32z"
				],
				"attrs": [],
				"isMulticolor": false,
				"tags": [
					"pipe",
					"vertical",
					"bar"
				],
				"defaultCode": 58229,
				"grid": 16,
				"width": 320
			},
			"attrs": [],
			"properties": {
				"id": 985,
				"order": 1,
				"prevSize": 32,
				"code": 59915,
				"ligatures": "minus, subtract",
				"name": "pipe"
			},
			"setIdx": 0,
			"iconIdx": 268
		}
	],
	"height": 1024,
	"metadata": {
		"name": "icomoon"
	},
	"preferences": {
		"showGlyphs": true,
		"showQuickUse": true,
		"showQuickUse2": true,
		"showSVGs": true,
		"fontPref": {
			"prefix": "icon-",
			"metadata": {
				"fontFamily": "icomoon",
				"majorVersion": 1,
				"minorVersion": 0
			},
			"metrics": {
				"emSize": 1024,
				"baseline": 6.25,
				"whitespace": 50
			},
			"autoHost": true,
			"showSelector": true,
			"selector": "i",
			"showMetrics": true,
			"showMetadata": true,
			"showVersion": true
		},
		"imagePref": {
			"prefix": "icon-",
			"png": true,
			"useClassSelector": true,
			"color": 4473924,
			"bgColor": 16777215
		},
		"historySize": 100,
		"showCodes": true,
		"gridSize": 16,
		"quickUsageToken": {
			"Pipe": "YjQ3YzNhMDNjYTQ0ZjE2OWJkN2RhYjA3NzRmNGYyYTcjMSMxNDIxMjM5NTY5IyMj"
		}
	}
}