<?xml version="1.0" encoding="utf-8"?>
<addtomenu>
	<name>Add to Menu Component XML - com_redshop: Manufacturer</name>
	<version>3.2.0FREE</version>
	<author>NoNumber (Peter van Westen)</author>
	<authorEmail>peter@nonumber.nl</authorEmail>
	<authorUrl>http://www.nonumber.nl</authorUrl>
	<copyright>Copyright © 2014 NoNumber All Rights Reserved</copyright>
	<license>http://www.gnu.org/licenses/gpl-2.0.html GNU/GPL</license>
	<description><![CDATA[
		This template is used when editing a manufacturer
	]]></description>

	<params>
		<!-- Name
		 * This is the name of the menu item type
		-->
		<name>Manufacturer</name>

		<!-- Adjust height
		 * If for some reason the height of the popup window is
		 * not big enough (or too big), you can adjust it
		 * (negative values are also permitted)
		-->
		<adjust_height>12</adjust_height>

		<!-- Requirements (get/post variables)
		 * -> Use '*' to match anything but empty
		 * -> Use '+' to match anything but false (empty/0/false)
		 * -> Use comma's to match any of multiple values
		-->
		<required>
			<view>manufacturer_detail</view>
			<task>edit</task>
			<cid>+</cid>
		</required>

		<!-- Database select
		 * Define what options to use to select the unique item
		 * You have to define table, where, name and alias
		 * If no db lookup is required, only define name (and alias)
		 * -> Use '$...' to use available variables
		-->
		<dbselect>
			<table>#__redshop_manufacturer</table>
			<where>
				<manufacturer_id>$cid</manufacturer_id>
			</where>
			<name>manufacturer_name</name>
		</dbselect>

		<!-- Extra options
		 * Define what extra options to display
		 * For type, choose from:
		 * text, textarea, hidden (use value)
		 * select, radio (use values)
		 * -> Use '$...' to use available variables
		-->
		<extras>
			<extra>
				<name>Layout</name>
				<type>select</type>
				<param>layout</param>
				<values>
					<value>
						<name>COM_REDSHOP_Standard_Manufacturer_Detail_Layout</name>
						<value>detail</value>
					</value>
					<value>
						<name>COM_REDSHOP_Standard_Manufacturer_Product_Layout</name>
						<value>products</value>
					</value>
				</values>
			</extra>

			<extra>
				<type>toggler</type>
				<param>layout</param>
				<value>products</value>
			</extra>

			<extra>
				<name>COM_REDSHOP_HOW_MANY_PRODUCTS</name>
				<type>text</type>
				<param>maxproduct</param>
				<value>5</value>
				<style>width:50px</style>
			</extra>

			<extra>
				<type>toggler</type>
			</extra>
		</extras>

		<!-- URL parameters
		 * Define what the menu item url should contain
		 * -> Use '$...' to use available variables
		-->
		<urlparams>
			<option>com_redshop</option>
			<view>manufacturers</view>
			<layout>$layout</layout>
		</urlparams>

		<!-- Menu item parameters
		 * Define the extra menu item params
		 * -> Use '$...' to use available variables
		-->
		<menuparams>
			<manufacturerid>$cid</manufacturerid>
			<maxproduct>$maxproduct</maxproduct>
		</menuparams>
	</params>
</addtomenu>
