<?xml version="1.0" encoding="utf-8"?>
<!--
 - name : full extension name
 - id : extension alias/id, used in html and links (default: lowercase name with only a-z and '-')
 - element : extension element name, used in database and folders (default: id)
-->
<extensions>
	<extension name="NONUMBER_EXTENSION_MANAGER" element="nonumbermanager" type="com" />
	<extension name="ADD_TO_MENU" type="mod" />
	<extension name="ADMINBAR_DOCKER" type="plg_system" old="1" error="AdminBar Docker has been discontinued and is no longer supported." />
	<extension name="ADVANCED_MODULE_MANAGER" element="advancedmodules" type="com,plg_system" />
	<extension name="ADVANCED_TEMPLATE_MANAGER" element="advancedtemplates" type="com,plg_system" />
	<extension name="ARTICLES_ANYWHERE" type="plg_system,plg_editors-xtd" />
	<extension name="BETTER_PREVIEW" type="plg_system,plg_editors-xtd" />
	<extension name="CACHE_CLEANER" type="plg_system,mod" />
	<extension name="CDN_FOR_JOOMLA" type="plg_system" />
	<extension name="COMPONENTS_ANYWHERE" type="plg_system" />
	<extension name="CONTENT_TEMPLATER" type="com,plg_system,plg_editors-xtd" />
	<extension name="DB_REPLACER" type="com" />
	<extension name="DUMMY_CONTENT" type="plg_system,plg_editors-xtd" />
	<extension name="EMAIL_PROTECTOR" type="plg_system" />
	<extension name="IP_LOGIN" type="plg_system" />
	<extension name="MODALIZER" type="plg_system" old="1" error="Modalizer has been replaced by Modals.&lt;br />&lt;br />You must uninstall or disable the old Modalizer plugin before you can install Modals!&lt;br />&lt;br />Modals has different options and functionality than the old Modalizer. So please investigate before switching to Modals." />
	<extension name="MODALS" type="plg_system" />
	<extension name="MODULES_ANYWHERE" type="plg_system,plg_editors-xtd" />
	<extension name="REREPLACER" type="com,plg_system" />
	<extension name="SLIDERS" type="plg_system,plg_editors-xtd" />
	<extension name="SNIPPETS" type="com,plg_system,plg_editors-xtd" />
	<extension name="SOURCERER" type="plg_system,plg_editors-xtd" />
	<extension name="TABS" type="plg_system,plg_editors-xtd" />
	<extension name="TIMED_STYLES" type="plg_system" old="1" error="Timed Styles has been discontinued and is no longer supported." />
	<extension name="TOOLTIPS" type="plg_system,plg_editors-xtd" />
	<extension name="WHAT-NOTHING" id="whatnothing" element="what-nothing" type="plg_system" />
</extensions>
